# Espejo espejo_C: D=8.3 mm, FOV vert=68.7 deg, codo=-30.0 deg, tope=5.0 deg, centro=0.15, u_tope=212.0 px, R=12.0 mm
# r desde el eje, z desde el vertice hacia la ceja (mm). Ceja: R=12.7 mm, espesor 1.0 mm
r_mm,z_mm,pendiente_dz_dr
0.0000,0.00000,0.000000
0.0500,0.00080,0.031828
0.1000,0.00318,0.063702
0.1500,0.00717,0.095669
0.2000,0.01275,0.127776
0.2500,0.01995,0.160069
0.3000,0.02876,0.192598
0.3500,0.03921,0.225410
0.4000,0.05131,0.258555
0.4500,0.06507,0.292083
0.5000,0.08053,0.326046
0.5500,0.09769,0.360496
0.6000,0.11658,0.395488
0.6500,0.13725,0.431077
0.7000,0.15970,0.467320
0.7500,0.18399,0.504277
0.8000,0.20979,0.519071
0.8500,0.23576,0.519778
0.9000,0.26177,0.520484
0.9500,0.28781,0.521191
1.0000,0.31389,0.521897
1.0500,0.34000,0.522604
1.1000,0.36615,0.523312
1.1500,0.39233,0.524020
1.2000,0.41855,0.524728
1.2500,0.44480,0.525438
1.3000,0.47109,0.526149
1.3500,0.49742,0.526860
1.4000,0.52378,0.527573
1.4500,0.55018,0.528287
1.5000,0.57661,0.529003
1.5500,0.60308,0.529720
1.6000,0.62958,0.530438
1.6500,0.65612,0.531158
1.7000,0.68270,0.531880
1.7500,0.70931,0.532603
1.8000,0.73596,0.533329
1.8500,0.76264,0.534056
1.9000,0.78936,0.534784
1.9500,0.81612,0.535515
2.0000,0.84291,0.536248
2.0500,0.86974,0.536983
2.1000,0.89661,0.537719
2.1500,0.92352,0.538458
2.2000,0.95046,0.539199
2.2500,0.97744,0.539942
2.3000,1.00445,0.540687
2.3500,1.03151,0.541434
2.4000,1.05860,0.542184
2.4500,1.08572,0.542935
2.5000,1.11289,0.543689
2.5500,1.14009,0.544444
2.6000,1.16733,0.545202
2.6500,1.19461,0.545962
2.7000,1.22193,0.546724
2.7500,1.24929,0.547489
2.8000,1.27668,0.548255
2.8500,1.30411,0.549024
2.9000,1.33158,0.549794
2.9500,1.35909,0.550567
3.0000,1.38664,0.551341
3.0500,1.41422,0.552118
3.1000,1.44185,0.552897
3.1500,1.46951,0.553678
3.2000,1.49722,0.554460
3.2500,1.52496,0.555245
3.3000,1.55274,0.556031
3.3500,1.58056,0.556820
3.4000,1.60842,0.557610
3.4500,1.63632,0.558402
3.5000,1.66426,0.559196
3.5500,1.69224,0.559991
3.6000,1.72026,0.560789
3.6500,1.74832,0.561588
3.7000,1.77642,0.562388
3.7500,1.80456,0.563190
3.8000,1.83274,0.563994
3.8500,1.86096,0.564799
3.9000,1.88922,0.565606
3.9500,1.91752,0.566414
4.0000,1.94586,0.567224
4.0500,1.97424,0.568035
4.1000,2.00267,0.568847
4.1500,2.03113,0.569660
4.2000,2.05963,0.570475
4.2500,2.08818,0.571291
4.3000,2.11676,0.572108
4.3500,2.14539,0.572926
4.4000,2.17405,0.573745
4.4500,2.20276,0.574566
4.5000,2.23151,0.575387
4.5500,2.26030,0.576209
4.6000,2.28913,0.577032
4.6500,2.31800,0.577856
4.7000,2.34692,0.578680
4.7500,2.37587,0.579506
4.8000,2.40487,0.580332
4.8500,2.43390,0.581159
4.9000,2.46298,0.581986
4.9500,2.49210,0.582814
5.0000,2.52126,0.583642
5.0500,2.55047,0.584471
5.1000,2.57971,0.585301
5.1500,2.60900,0.586131
5.2000,2.63833,0.586961
5.2500,2.66769,0.587791
5.3000,2.69710,0.588622
5.3500,2.72656,0.589453
5.4000,2.75605,0.590284
5.4500,2.78558,0.591115
5.5000,2.81516,0.591947
5.5500,2.84478,0.592778
5.6000,2.87444,0.593610
5.6500,2.90414,0.594441
5.7000,2.93388,0.595272
5.7500,2.96367,0.596104
5.8000,2.99349,0.596935
5.8500,3.02336,0.597766
5.9000,3.05327,0.598596
5.9500,3.08322,0.599427
6.0000,3.11321,0.600257
6.0500,3.14325,0.601087
6.1000,3.17332,0.601916
6.1500,3.20344,0.602745
6.2000,3.23360,0.603574
6.2500,3.26380,0.604402
6.3000,3.29404,0.605229
6.3500,3.32432,0.606056
6.4000,3.35464,0.606883
6.4500,3.38501,0.607708
6.5000,3.41541,0.608533
6.5500,3.44586,0.609358
6.6000,3.47635,0.610181
6.6500,3.50688,0.611004
6.7000,3.53745,0.611826
6.7500,3.56806,0.612648
6.8000,3.59871,0.613468
6.8500,3.62941,0.614288
6.9000,3.66014,0.615106
6.9500,3.69092,0.615924
7.0000,3.72173,0.616740
7.0500,3.75259,0.617556
7.1000,3.78349,0.618371
7.1500,3.81443,0.619184
7.2000,3.84541,0.619997
7.2500,3.87643,0.620808
7.3000,3.90749,0.621618
7.3500,3.93859,0.622427
7.4000,3.96973,0.623235
7.4500,4.00091,0.624041
7.5000,4.03214,0.624847
7.5500,4.06340,0.625651
7.6000,4.09470,0.626453
7.6500,4.12604,0.627255
7.7000,4.15743,0.628055
7.7500,4.18885,0.628853
7.8000,4.22031,0.629651
7.8500,4.25181,0.630447
7.9000,4.28336,0.631241
7.9500,4.31494,0.632034
8.0000,4.34656,0.632825
8.0500,4.37822,0.633615
8.1000,4.40992,0.634403
8.1500,4.44166,0.635190
8.2000,4.47344,0.635975
8.2500,4.50526,0.636759
8.3000,4.53712,0.637541
8.3500,4.56901,0.638322
8.4000,4.60095,0.639100
8.4500,4.63292,0.639877
8.5000,4.66494,0.640653
8.5500,4.69699,0.641427
8.6000,4.72908,0.642199
8.6500,4.76121,0.642969
8.7000,4.79338,0.643737
8.7500,4.82558,0.644504
8.8000,4.85783,0.645269
8.8500,4.89011,0.646032
8.9000,4.92243,0.646794
8.9500,4.95479,0.647553
9.0000,4.98718,0.648311
9.0500,5.01962,0.649067
9.1000,5.05209,0.649821
9.1500,5.08460,0.650573
9.2000,5.11715,0.651323
9.2500,5.14973,0.652072
9.3000,5.18236,0.652818
9.3500,5.21501,0.653563
9.4000,5.24771,0.654305
9.4500,5.28045,0.655046
9.5000,5.31322,0.655785
9.5500,5.34602,0.656521
9.6000,5.37887,0.657256
9.6500,5.41175,0.657989
9.7000,5.44467,0.658720
9.7500,5.47762,0.659449
9.8000,5.51061,0.660175
9.8500,5.54364,0.660900
9.9000,5.57670,0.661623
9.9500,5.60980,0.662344
10.0000,5.64294,0.663062
10.0500,5.67611,0.663779
10.1000,5.70931,0.664493
10.1500,5.74256,0.665206
10.2000,5.77583,0.665916
10.2500,5.80915,0.666625
10.3000,5.84250,0.667331
10.3500,5.87588,0.668035
10.4000,5.90930,0.668737
10.4500,5.94275,0.669437
10.5000,5.97624,0.670135
10.5500,6.00977,0.670831
10.6000,6.04333,0.671524
10.6500,6.07692,0.672216
10.7000,6.11055,0.672905
10.7500,6.14421,0.673593
10.8000,6.17791,0.674278
10.8500,6.21164,0.674961
10.9000,6.24540,0.675642
10.9500,6.27920,0.676320
11.0000,6.31304,0.676997
11.0500,6.34690,0.677671
11.1000,6.38080,0.678344
11.1500,6.41474,0.679014
11.2000,6.44870,0.679682
11.2500,6.48271,0.680348
11.3000,6.51674,0.681011
11.3500,6.55081,0.681673
11.4000,6.58491,0.682332
11.4500,6.61904,0.682989
11.5000,6.65321,0.683644
11.5500,6.68740,0.684297
11.6000,6.72164,0.684948
11.6500,6.75590,0.685596
11.7000,6.79019,0.686243
11.7500,6.82452,0.686887
11.8000,6.85888,0.687529
11.8500,6.89328,0.688169
11.9000,6.92770,0.688806
11.9500,6.96216,0.689442
12.0000,6.99664,0.690075
