# Perfil C a medida: r (mm) desde el eje, z (mm) desde el vertice hacia la ceja
# D camara-vertice=20.0 mm, knee=-50 deg, top=5 deg, centro=15%, f=483 px
r_mm,z_mm,pendiente_dz_dr
0.000,0.0000,0.00000
0.100,0.0012,0.02404
0.200,0.0048,0.04810
0.300,0.0108,0.07219
0.400,0.0192,0.09635
0.500,0.0301,0.12058
0.600,0.0434,0.14491
0.700,0.0591,0.16935
0.800,0.0772,0.19393
0.900,0.0979,0.21867
1.000,0.1210,0.24358
1.100,0.1466,0.26869
1.200,0.1747,0.29402
1.300,0.2054,0.31959
1.400,0.2381,0.33019
1.500,0.2713,0.33441
1.600,0.3050,0.33864
1.700,0.3391,0.34287
1.800,0.3736,0.34709
1.900,0.4085,0.35131
2.000,0.4438,0.35552
2.100,0.4796,0.35974
2.200,0.5158,0.36395
2.300,0.5524,0.36815
2.400,0.5894,0.37236
2.500,0.6269,0.37656
2.600,0.6647,0.38076
2.700,0.7030,0.38495
2.800,0.7417,0.38914
2.900,0.7808,0.39333
3.000,0.8204,0.39752
3.100,0.8603,0.40170
3.200,0.9007,0.40588
3.300,0.9415,0.41005
3.400,0.9827,0.41423
3.500,1.0244,0.41839
3.600,1.0664,0.42256
3.700,1.1089,0.42672
3.800,1.1518,0.43088
3.900,1.1950,0.43503
4.000,1.2388,0.43918
4.100,1.2829,0.44332
4.200,1.3274,0.44746
4.300,1.3724,0.45160
4.400,1.4177,0.45573
4.500,1.4635,0.45986
4.600,1.5097,0.46398
4.700,1.5563,0.46810
4.800,1.6033,0.47221
4.900,1.6508,0.47632
5.000,1.6986,0.48042
5.100,1.7468,0.48452
5.200,1.7955,0.48861
5.300,1.8446,0.49270
5.400,1.8940,0.49678
5.500,1.9439,0.50086
5.600,1.9942,0.50493
5.700,2.0449,0.50900
5.800,2.0960,0.51306
5.900,2.1475,0.51711
6.000,2.1994,0.52116
6.100,2.2518,0.52520
6.200,2.3045,0.52923
6.300,2.3576,0.53326
6.400,2.4111,0.53728
6.500,2.4651,0.54130
6.600,2.5194,0.54531
6.700,2.5741,0.54931
6.800,2.6292,0.55330
6.900,2.6848,0.55729
7.000,2.7407,0.56127
7.100,2.7970,0.56524
7.200,2.8538,0.56920
7.300,2.9109,0.57316
7.400,2.9684,0.57711
7.500,3.0263,0.58105
7.600,3.0846,0.58498
7.700,3.1433,0.58890
7.800,3.2024,0.59282
7.900,3.2618,0.59672
8.000,3.3217,0.60062
8.100,3.3820,0.60451
8.200,3.4426,0.60839
8.300,3.5036,0.61226
8.400,3.5651,0.61612
8.500,3.6269,0.61997
8.600,3.6891,0.62381
8.700,3.7516,0.62765
8.800,3.8146,0.63147
8.900,3.8779,0.63528
9.000,3.9416,0.63908
9.100,4.0057,0.64288
9.200,4.0702,0.64666
9.300,4.1351,0.65043
9.400,4.2003,0.65419
9.500,4.2659,0.65794
9.600,4.3319,0.66168
9.700,4.3982,0.66541
9.800,4.4650,0.66913
9.900,4.5321,0.67283
10.000,4.5995,0.67653
10.100,4.6674,0.68021
10.200,4.7356,0.68388
10.300,4.8042,0.68754
10.400,4.8731,0.69119
10.500,4.9424,0.69482
10.600,5.0121,0.69845
10.700,5.0821,0.70206
10.800,5.1525,0.70566
10.900,5.2232,0.70924
11.000,5.2943,0.71282
11.100,5.3658,0.71638
11.200,5.4376,0.71993
11.300,5.5098,0.72347
11.400,5.5823,0.72699
11.500,5.6552,0.73050
11.600,5.7284,0.73400
11.700,5.8020,0.73748
11.800,5.8759,0.74095
11.900,5.9501,0.74441
12.000,6.0248,0.74785
